accounts-barclaysglobal,ticket,ART ACCOUNTS FTS,accounts.barclaysglobal.com,SUPPORT-accounts-barclaysglobal,BGI VPO,SOFTWARE,SOFTWARE,ACCOUNTS.BARCLAYSGLOBAL.COM,FAULT,DEFAULT_ASSIGNMENT,GLOBAL 
administration,ticket,ENTERPRISE SYSTEMS MANAGEMENT,,SUPPORT-administration,BGI VPO,DEFAULT_CAT,DEFAULT_SUBCAT,DEFAULT_PRODUCT,DEFAULT_PROBLEM,DEFAULT_ASSIGNMENT,GLOBAL 
advantage,ticket,SUPPORT-ADVANTAGE,,SUPPORT-advantage,BGI VPO,SOFTWARE,SOFTWARE,ADVANTAGE,FAULT,DEFAULT_ASSIGNMENT,GLOBAL 
ais,ticket,SUPPORT-AIS,,SUPPORT-ais,BGI VPO,DEFAULT_CAT,DEFAULT_SUBCAT,DEFAULT_PRODUCT,DEFAULT_PROBLEM,DEFAULT_ASSIGNMENT,GLOBAL 
ais_inception,ticket,SUPPORT-CLIENT APPLICATIONS,,SUPPORT-CLIENT APPLICATIONS,BGI VPO,SOFTWARE,SOFTWARE,CLIENT APPLICATIONS,FAULT,DEFAULT_ASSIGNMENT,GLOBAL 
alarmpoint,ticket,ENTERPRISE SYSTEMS MANAGEMENT,AlarmPoint Production Messages,ESM,BGI VPO,DEFAULT_CAT,DEFAULT_SUBCAT,DEFAULT_PRODUCT,DEFAULT_PROBLEM,DEFAULT_ASSIGNMENT,GLOBAL 
amsx,ticket,SUPPORT-CLIENT APPLICATIONS,,SUPPORT-CLIENT APPLICATIONS,BGI VPO,SOFTWARE,SOFTWARE,CLIENT APPLICATIONS,FAULT,DEFAULT_ASSIGNMENT,GLOBAL 
amsx_load,ticket,SUPPORT-CLIENT APPLICATIONS,,SUPPORT-CLIENT APPLICATIONS,BGI VPO,SOFTWARE,SOFTWARE,CLIENT APPLICATIONS,FAULT,DEFAULT_ASSIGNMENT,GLOBAL 
ap1,ticket,SUPPORT-CLIENT APPLICATIONS,,SUPPORT-CLIENT APPLICATIONS,BGI VPO,SOFTWARE,SOFTWARE,CLIENT APPLICATIONS,FAULT,DEFAULT_ASSIGNMENT,GLOBAL 
appmanager,ticket,WINDOWS SERVERS AUTOGEN-FTS,NetIQ AppManager Events,Windows On-Call FTS,BGI VPO,SERVERS,WINDOWS 2000,RESOURCES,FAULT,DEFAULT_ASSIGNMENT,GLOBAL 
appmanager_application,ticket,WINDOWS SERVERS AUTOGEN-FTS,netIQ messages - applications (not used),Windows On-Call FTS,BGI VPO,SERVERS,WINDOWS 2000,RESOURCES,FAULT,DEFAULT_ASSIGNMENT,GLOBAL 
appmanager_backupexec,ticket,WINDOWS SERVERS AUTOGEN-FTS,netIQ messages - backupexec,Windows On-Call FTS,BGI VPO,SERVERS,BACKUPS,BACKUPEXEC,FAULT,DEFAULT_ASSIGNMENT,GLOBAL 
appmanager_cim,ticket,WINDOWS SERVERS AUTOGEN-FTS,netIQ messages - Compaq Insight Manager,Windows On-Call FTS,BGI VPO,SERVERS,WINDOWS 2000,RESOURCES,FAULT,DEFAULT_ASSIGNMENT,GLOBAL 
appmanager_exchange,ticket,WINDOWS SERVERS AUTOGEN-FTS,netIQ messages - Exchange messages,Windows On-Call FTS,BGI VPO,MESSAGING,EXCHANGE SERVER,EXCHANGE SERVER,FAULT,DEFAULT_ASSIGNMENT,GLOBAL 
appmanager_helpdesk,ticket,WINDOWS SERVERS AUTOGEN-FTS,netIQ messages - Help Desk related,Windows On-Call FTS,BGI VPO,SERVERS,WINDOWS 2000,RESOURCES,FAULT,DEFAULT_ASSIGNMENT,GLOBAL 
appmanager_iis,ticket,WINDOWS SERVERS AUTOGEN-FTS,netIQ messages - Internet Information Server,Windows On-Call FTS,BGI VPO,SERVERS,WINDOWS 2000,RESOURCES,FAULT,DEFAULT_ASSIGNMENT,GLOBAL 
appmanager_isa,ticket,WINDOWS SERVERS AUTOGEN-FTS,netIQ messages - ISA server,Windows On-Call FTS,BGI VPO,SERVERS,WINDOWS 2000,RESOURCES,FAULT,DEFAULT_ASSIGNMENT,GLOBAL 
appmanager_nt,ticket,WINDOWS SERVERS AUTOGEN-FTS,netIQ messages - Windows NT,Windows On-Call FTS,BGI VPO,SERVERS,WINDOWS 2000,RESOURCES,FAULT,DEFAULT_ASSIGNMENT,GLOBAL 
appmanager_ntadmin,ticket,WINDOWS SERVERS AUTOGEN-FTS,netIQ messages - Windows NT Administrative,Windows On-Call FTS,BGI VPO,SECURITY,ACCOUNT ADMINISTRATION,ACCOUNT ADMINISTRATION,CHANGE,DEFAULT_ASSIGNMENT,GLOBAL 
appmanager_sql,ticket,WINDOWS SERVERS AUTOGEN-FTS,netIQ messages - MS-SQL messages (not used),Windows On-Call FTS,BGI VPO,SERVERS,WINDOWS 2000,RESOURCES,FAULT,DEFAULT_ASSIGNMENT,GLOBAL 
appmanager_wts,ticket,WINDOWS SERVERS AUTOGEN-FTS,netIQ messages - Windows Terminal Server,Windows On-Call FTS,BGI VPO,DEFAULT_CAT,DEFAULT_SUBCAT,DEFAULT_PRODUCT,DEFAULT_PROBLEM,DEFAULT_ASSIGNMENT,GLOBAL 
art,ticket,GSS OPS,art,SUPPORT-GSS,BGI VPO,SOFTWARE,SOFTWARE,ART (ACCESS REQUEST TOOL),APPLICATION ACCESS PROBLEM,DEFAULT_ASSIGNMENT,GLOBAL 
ascot,ticket,ENTERPRISE SYSTEMS MANAGEMENT,,SUPPORT-ascot,BGI VPO,DEFAULT_CAT,DEFAULT_SUBCAT,DEFAULT_PRODUCT,DEFAULT_PROBLEM,DEFAULT_ASSIGNMENT,GLOBAL 
asi,ticket,GSS OPS,asi messages,SUPPORT-GSS,BGI VPO,SOFTWARE,SOFTWARE,ASI (APPLICATION SYSTEM INVENTORY),FAULT,DEFAULT_ASSIGNMENT,GLOBAL 
asi-network,ticket,SUPPORT-ASI (APPLICATION SYSTEM INVENTORY),asi-network for missing ASI Files,SUPPORT-asi network,BGI VPO,SOFTWARE,SOFTWARE,ASI (GLOBAL),FILE MISSING NETWORK,DEFAULT_ASSIGNMENT,GLOBAL 
asm,ticket,GSS OPS,Application Security Model,SUPPORT-GSS,BGI VPO,SOFTWARE,SOFTWARE,ASM (APPLICATION SECURITY MODEL),FAULT,DEFAULT_ASSIGNMENT,GLOBAL 
aust_ftinteractive,ticket,ENTERPRISE SYSTEMS MANAGEMENT,Australia FT Interactive,SUPPORT-aust_ftinteractive,BGI VPO,DEFAULT_CAT,DEFAULT_SUBCAT,DEFAULT_PRODUCT,DEFAULT_PROBLEM,DEFAULT_ASSIGNMENT,GLOBAL 
autosys,ticket,ENTERPRISE SYSTEMS MANAGEMENT,AutoSys Message Group,SUPPORT-GMD,BGI VPO,SERVERS,JOB PROCESSING,AUTOSYS,FAULT,DEFAULT_ASSIGNMENT,GLOBAL 
backup,ticket,STORAGE-FTS,Messages related to backup/ restore/ archiving functionality,SUPPORT-STORAGE-FTS,BGI VPO,DEFAULT_CAT,DEFAULT_SUBCAT,DEFAULT_PRODUCT,DEFAULT_PROBLEM,DEFAULT_ASSIGNMENT,GLOBAL 
barclaysglobal,ticket,SUPPORT-BARCLAYSGLOBAL.COM,,SUP-barclaysglobal,BGI VPO,DEFAULT_CAT,DEFAULT_SUBCAT,DEFAULT_PRODUCT,DEFAULT_PROBLEM,DEFAULT_ASSIGNMENT,GLOBAL 
bep,ticket,SUPPORT-BEP (BARRA  ENTERPRISE PERFORMANCE),bep,SUPPORT-bep,BGI VPO,SOFTWARE,SOFTWARE,BEP,FAULT,DEFAULT_ASSIGNMENT,GLOBAL 
bg-aria,ticket,ENTERPRISE SYSTEMS MANAGEMENT,London Business Group,SUPPORT-bg-aria,BGI VPO,SOFTWARE,SOFTWARE,MQSERIES,FAULT-ARIA,DEFAULT_ASSIGNMENT,GLOBAL 
bg_aus,ticket,ENTERPRISE SYSTEMS MANAGEMENT,Australian Business Group,SUPPORT-bg_aus,BGI VPO,SOFTWARE,SOFTWARE,MQSERIES,FAULT-AUSTRALIA,DEFAULT_ASSIGNMENT,GLOBAL 
bg_can,ticket,ENTERPRISE SYSTEMS MANAGEMENT,Canada Business group,SUPPORT-bg_can,BGI VPO,SOFTWARE,SOFTWARE,MQSERIES,FAULT-CANADA,DEFAULT_ASSIGNMENT,GLOBAL 
bgicash,ticket,SUPPORT-BGICASHFUNDS,,SUPPORT-bgicash,BGI VPO,DEFAULT_CAT,DEFAULT_SUBCAT,DEFAULT_PRODUCT,DEFAULT_PROBLEM,DEFAULT_ASSIGNMENT,GLOBAL 
bgicashfunds,ticket,SUPPORT-BGICASHFUNDS,bgicashfunds.com,SUPPORT-bgicashfunds,BGI VPO,SOFTWARE,SOFTWARE,BGICASHFUNDS,FAULT,DEFAULT_ASSIGNMENT,GLOBAL 
bgiconnect_aus,ticket,SUPPORT-BGICONNECT AUS,bgiconnect_aus,SUPPORT-BGICONNECT AUS,BGI VPO,SOFTWARE,SOFTWARE,BGICONNECT AUS,FAULT,DEFAULT_ASSIGNMENT,GLOBAL 
bgifunds,ticket,SUPPORT-BGIFUNDS.COM,,SUP-bgifunds.com,BGI VPO,SOFTWARE,SOFTWARE,BGIFUNDS.COM,FAULT,DEFAULT_ASSIGNMENT,GLOBAL 
bgis_uk,ticket,ENTERPRISE SYSTEMS MANAGEMENT,bgis_uk,SUP-orbis-uk,BGI ORBIS,DEFAULT_CAT,DEFAULT_SUBCAT,DEFAULT_PRODUCT,DEFAULT_PROBLEM,DEFAULT_ASSIGNMENT,GLOBAL 
bgis_uk_qa,ticket,ENTERPRISE SYSTEMS MANAGEMENT,,SUP-orbis-uk_qa,BGI ORBIS,DEFAULT_CAT,DEFAULT_SUBCAT,DEFAULT_PRODUCT,DEFAULT_PROBLEM,DEFAULT_ASSIGNMENT,GLOBAL 
bgis_uk_dev,ticket,ENTERPRISE SYSTEMS MANAGEMENT,,SUP-orbis-uk_dev,BGI ORBIS,DEFAULT_CAT,DEFAULT_SUBCAT,DEFAULT_PRODUCT,DEFAULT_PROBLEM,DEFAULT_ASSIGNMENT,GLOBAL 
bidbook,ticket,SUPPORT-BIDBOOK,Bidbook Messages,SUPPORT-bidbook,BGI VPO,SOFTWARE,SOFTWARE,BID BOOK,FAULT,DEFAULT_ASSIGNMENT,GLOBAL 
bip,ticket,SUPPORT-BIP,,SUPPORT-bip,BGI VPO,DEFAULT_CAT,DEFAULT_SUBCAT,DEFAULT_PRODUCT,DEFAULT_PROBLEM,DEFAULT_ASSIGNMENT,GLOBAL 
bms,ticket,ENTERPRISE SYSTEMS MANAGEMENT,,SUPPORT-bms,BGI VPO,FACILITIES,HVAC,HVAC,REPAIR,DEFAULT_ASSIGNMENT,RAC1   
candevemail,ticket,ENTERPRISE SYSTEMS MANAGEMENT,Canada Developers Email only,SUPPORT-candevemail,BGI VPO,SOFTWARE,SOFTWARE,CAN INFRASTRUCTURE,FAULT,DEFAULT_ASSIGNMENT,GLOBAL 
cem,ticket,ENTERPRISE SYSTEMS MANAGEMENT,,SUPPORT-cem,BGI VPO,DEFAULT_CAT,DEFAULT_SUBCAT,DEFAULT_PRODUCT,DEFAULT_PROBLEM,DEFAULT_ASSIGNMENT,GLOBAL 
checkpoint,ticket,ENTERPRISE SYSTEMS MANAGEMENT,,SUPPORT-checkpoint,BGI VPO,DEFAULT_CAT,DEFAULT_SUBCAT,DEFAULT_PRODUCT,DEFAULT_PROBLEM,DEFAULT_ASSIGNMENT,GLOBAL 
citrix,ticket,SUPPORT-CITRIXWEB,Citrix Messages,SUPPORT-citrix,BGI VPO,DEFAULT_CAT,DEFAULT_SUBCAT,DEFAULT_PRODUCT,DEFAULT_PROBLEM,DEFAULT_ASSIGNMENT,GLOBAL 
client_applications,ticket,SUPPORT-CLIENT APPLICATIONS,client_applications,SUPPORT-client applications,BGI VPO,SOFTWARE,SOFTWARE,CLIENT APPLICATIONS,FAULT,DEFAULT_ASSIGNMENT,GLOBAL 
com,ticket,SUPPORT-GOT-FTS-COM,com,SUPPORT-com,BGI VPO,SOFTWARE,SOFTWARE,ORDERS ONLINE,FAULT,DEFAULT_ASSIGNMENT,GLOBAL 
compact,ticket,SUPPORT-COMPACT,CompACT Web Page,SUPPORT-compact,BGI VPO,SOFTWARE,SOFTWARE,COMPACT,FAULT,DEFAULT_ASSIGNMENT,GLOBAL 
concert,ticket,SUPPORT-CONCERT,Concert Application events,SUPPORT-concert,BGI VPO,SOFTWARE,SOFTWARE,CONCERT,FAULT,DEFAULT_ASSIGNMENT,GLOBAL 
cp_ms_uk,ticket,SUPPORT-CP_MS_UK,cp_ms_uk                                                                          SUPPORT-cp_ms_uk,BGI VPO,SOFTWARE,SOFTWARE,CP_MS_UK,FAULT,DEFAULT_ASSIGNMENT,GLOBAL 
cpdl,ticket,SUPPORT-COMMON PLATFORM DATA LOADER,Common Platform Data Loaders,SUPPORT-cpdl,BGI VPO,SOFTWARE,SOFTWARE,COMMON PLATFORM DATA LOADER,FAULT,DEFAULT_ASSIGNMENT,GLOBAL 
cr_uk,ticket,ENTERPRISE SYSTEMS MANAGEMENT,,SUPPORT-cr_uk,BGI VPO,SOFTWARE,SOFTWARE,TBD APPLICATIONS,FAULT,DEFAULT_ASSIGNMENT,GLOBAL 
crs,ticket,SUPPORT-CLIENT APPLICATIONS,,SUPPORT-CLIENT APPLICATIONS,BGI VPO,SOFTWARE,SOFTWARE,CLIENT APPLICATIONS,FAULT,DEFAULT_ASSIGNMENT,GLOBAL 
crm,ticket,ENTERPRISE SYSTEMS MANAGEMENT,,SUPPORT-crs,BGI VPO,SOFTWARE,SOFTWARE,CRM,FAULT,DEFAULT_ASSIGNMENT,GLOBAL 
crystal_enterprise,ticket,SUPPORT-CLIENT SERVICES,crystal_enterprise,Client Technology-FTS,BGI VPO,SOFTWARE,SOFTWARE,ISHARES.COM,FAULT,DEFAULT_ASSIGNMENT,GLOBAL 
csm,ticket,SUPPORT-CSM (CLIENT SERVICES MANAGEMENT),csm,SUPPORT-csm,BGI VPO,SOFTWARE,SOFTWARE,CSM (CLIENT SERVICES MANAGEMENT),FAULT,DEFAULT_ASSIGNMENT,GLOBAL 
datacenter,ticket,DATA CENTER OPS-AMERICAS,,SUPPORT-datacenter,BGI VPO,DEFAULT_CAT,DEFAULT_SUBCAT,DEFAULT_PRODUCT,DEFAULT_PROBLEM,DEFAULT_ASSIGNMENT,GLOBAL 
dbspi,ticket,ENTERPRISE SYSTEMS MANAGEMENT,DB-SPI Events,SUPPORT-dbspi,BGI VPO,DEFAULT_CAT,DEFAULT_SUBCAT,DEFAULT_PRODUCT,DEFAULT_PROBLEM,DEFAULT_ASSIGNMENT,GLOBAL 
delta_uk,ticket,SUPPORT-DELTA-UK,,SUPPORT-delta_uk,BGI VPO,SOFTWARE,SOFTWARE,DELTA_UK,FAULT,DEFAULT_ASSIGNMENT,GLOBAL 
desktop_antivirus,ticket,TECH TEAM-FTS,,Tech Team-FTS,BGI VPO,SOFTWARE,SOFTWARE,ANTIVIRUS,REPAIR,TECH TEAM-FTS,GLOBAL 
dev_rpt,ticket,SUPPORT-CLIENT APPLICATIONS,,SUPPORT-CLIENT APPLICATIONS,BGI VPO,SOFTWARE,SOFTWARE,CLIENT APPLICATIONS,FAULT,DEFAULT_ASSIGNMENT,GLOBAL 
devicequery,ticket,SUPPORT-DEVICEQUERY,Marimba Device Query,SUPPORT-devicequery,BGI VPO,SOFTWARE,SOFTWARE,DEVICEQUERY,FAULT,DEFAULT_ASSIGNMENT,GLOBAL 
devnet,ticket,SUPPORT-DEVNET,devnet,SUPPORT-devnet,BGI VPO,SOFTWARE,SOFTWARE,DEVNET,FAULT,DEFAULT_ASSIGNMENT,GLOBAL 
documentum,ticket,SUPPORT-DOCUMENTUM,,SUPPORT-documentum,BGI VPO,SOFTWARE,SOFTWARE,DOCUMENTUM,FAULT,DEFAULT_ASSIGNMENT,GLOBAL 
dynamo,ticket,SUPPORT-ATG DYNAMO,,SUPPORT-dynamo,BGI VPO,SOFTWARE,SOFTWARE,ATG DYNAMO,FAULT,DEFAULT_ASSIGNMENT,GLOBAL 
eat,ticket,SUPPORT-EAT (EMERGENCY ACCESS TOOL),Emergency Access Tool,SUPPORT-eat,BGI VPO,SOFTWARE,SOFTWARE,EAT (EMERGENCY ACCESS TOOL),FAULT,DEFAULT_ASSIGNMENT,GLOBAL 
emc_alarms,ticket,ENTERPRISE SYSTEMS MANAGEMENT,EMC_Alarms,SUPPORT-emc_alarms,BGI VPO,DEFAULT_CAT,DEFAULT_SUBCAT,DEFAULT_PRODUCT,DEFAULT_PROBLEM,DEFAULT_ASSIGNMENT,GLOBAL 
equilend,alarmpoint_only,ENTERPRISE SYSTEMS MANAGEMENT,,SUP-equilend,BGI Equilend,DEFAULT_CAT,DEFAULT_SUBCAT,DEFAULT_PRODUCT,DEFAULT_PROBLEM,DEFAULT_ASSIGNMENT,GLOBAL 
equilend_b,alarmpoint_only,ENTERPRISE SYSTEMS MANAGEMENT,Equilend_B,SUP-equilend_b,BGI Equilend,DEFAULT_CAT,DEFAULT_SUBCAT,DEFAULT_PRODUCT,DEFAULT_PROBLEM,DEFAULT_ASSIGNMENT,GLOBAL 
esm,ticket,ENTERPRISE SYSTEMS MANAGEMENT,enterprise systems management related messages,z_ESM,BGI VPO,SERVERS,ENTERPRISE SYSTEMS MANAGEMENT,VPO,FAULT,DEFAULT_ASSIGNMENT,GLOBAL 
esm-notify,alarmpoint_only,ENTERPRISE SYSTEMS MANAGEMENT,,z_ESM,BGI VPO,DEFAULT_CAT,DEFAULT_SUBCAT,DEFAULT_PRODUCT,DEFAULT_PROBLEM,DEFAULT_ASSIGNMENT,GLOBAL 
eshed_uk,ticket,ENTERPRISE SYSTEMS MANAGEMENT,,z_ESM,BGI VPO,SOFTWARE,SOFTWARE,TBD APPLICATIONS,FAULT,DEFAULT_ASSIGNMENT,GLOBAL 
etf,ticket,SUPPORT-ETF,,SUPPORT-etf,BGI VPO,SOFTWARE,SOFTWARE,ETF,FAULT,DEFAULT_ASSIGNMENT,GLOBAL 
fids,ticket,SUPPORT-FIXED INCOME DATA,Fixed Income Data Support,SUPPORT-fids,BGI VPO,SOFTWARE,SOFTWARE,FIDS,FAULT,DEFAULT_ASSIGNMENT,GLOBAL 
flextrade,ticket,SUPPORT-FLEXTRADE,,SUPPORT-flextrade,BGI VPO,SOFTWARE,SOFTWARE,FLEXTRADE,FAULT,DEFAULT_ASSIGNMENT,GLOBAL 
gaa_aasg,ticket,SUPPORT-GAA AASG AUTOGEN,,SUPPORT-gaa_aasg,BGI VPO,SOFTWARE,SOFTWARE,GAA AASG,FAULT,DEFAULT_ASSIGNMENT,GLOBAL 
gaa_acm,ticket,SUPPORT-GAA ACM AUTOGEN,,SUPPORT-gaa_acm,BGI VPO,SOFTWARE,SOFTWARE,GAA ACM,FAULT,DEFAULT_ASSIGNMENT,GLOBAL 
gaa_adg,ticket,SUPPORT-GAA ADG AUTOGEN,,SUPPORT-gaa_adg,BGI VPO,SOFTWARE,SOFTWARE,GAA ADG,FAULT,DEFAULT_ASSIGNMENT,GLOBAL 
gaa_aig,ticket,SUPPORT-GAA AIG AUTOGEN,,SUPPORT-gaa_aig,BGI VPO,SOFTWARE,SOFTWARE,GAA AIG,FAULT,DEFAULT_ASSIGNMENT,GLOBAL 
gaa_amg,ticket,SUPPORT-GAA AMG AUTOGEN,,SUPPORT-gaa_amg,BGI VPO,SOFTWARE,SOFTWARE,GAA AMG,FAULT,DEFAULT_ASSIGNMENT,GLOBAL 
gaa_aplus,ticket,SUPPORT-GAA APLUS AUTOGEN,,SUPPORT-gaa_aplus,BGI VPO,SOFTWARE,SOFTWARE,GAA APLUS,FAULT,DEFAULT_ASSIGNMENT,GLOBAL 
gaa_asgintl,ticket,SUPPORT-GAA ASGINTL AUTOGEN,,SUPPORT-gaa_asgintl,BGI VPO,SOFTWARE,SOFTWARE,GAA ASGINTL,FAULT,DEFAULT_ASSIGNMENT,GLOBAL 
gaa_asgus,ticket,SUPPORT-GAA ASGUS AUTOGEN,,SUPPORT-gaa_asgus,BGI VPO,SOFTWARE,SOFTWARE,GAA ASGUS,FAULT,DEFAULT_ASSIGNMENT,GLOBAL 
gaa_atg,ticket,SUPPORT-GAA ATG AUTOGEN,,SUPPORT-gaa_atg,BGI VPO,SOFTWARE,SOFTWARE,GAA ATG,FAULT,DEFAULT_ASSIGNMENT,GLOBAL 
gaa_aurg,ticket,SUPPORT-GAA AURG AUTOGEN,,SUPPORT-gaa_aurg,BGI VPO,SOFTWARE,SOFTWARE,GAA AURG,FAULT,DEFAULT_ASSIGNMENT,GLOBAL 
gaa_cnrg,ticket,SUPPORT-GAA CNRG AUTOGEN,,SUPPORT-gaa_cnrg,BGI VPO,SOFTWARE,SOFTWARE,GAA CNRG,FAULT,DEFAULT_ASSIGNMENT,GLOBAL 
gaa_etg,ticket,SUPPORT-GAA ETG AUTOGEN,,SUPPORT-gaa_etg,BGI VPO,SOFTWARE,SOFTWARE,GAA ETG,FAULT,DEFAULT_ASSIGNMENT,GLOBAL 
gaa_faser,ticket,SUPPORT-GAA FASER AUTOGEN,,SUPPORT-gaa_faser,BGI VPO,SOFTWARE,SOFTWARE,GAA FASER,FAULT,DEFAULT_ASSIGNMENT,GLOBAL 
gaa_gaepm,ticket,SUPPORT-GAA GAEPM AUTOGEN,,SUPPORT-gaa_gaepm,BGI VPO,SOFTWARE,SOFTWARE,GAA GAEPM,FAULT,DEFAULT_ASSIGNMENT,GLOBAL 
gaa_gaepm_uk_aa,ticket,SUPPORT-GAA GAEPM_UK AA AUTOGEN,,SUPPORT-gaa_gaepm_uk_aa,BGI VPO,SOFTWARE,SOFTWARE,GAA GAEPM_UK AA,FAULT,DEFAULT_ASSIGNMENT,GLOBAL 
gaa_gaepm_uk_alphagen,ticket,SUPPORT-GAA GAEPM_UK ALPHAGEN AUTOGEN,,SUPPORT-gaa_gaepm_uk_alphagen,BGI VPO,SOFTWARE,SOFTWARE,GAA GAEPM_UK ALPHAGEN,FAULT,DEFAULT_ASSIGNMENT,GLOBAL 
gaa_growtheq,ticket,SUPPORT-GAA GOS AUTOGEN,,SUPPORT-gaa_growtheq,BGI VPO,SOFTWARE,SOFTWARE,GAA GROWTHEQ,FAULT,DEFAULT_ASSIGNMENT,GLOBAL 
gaa_gtaa,ticket,SUPPORT-GAA GTAA AUTOGEN,,SUPPORT-gaa_gtaa,BGI VPO,SOFTWARE,SOFTWARE,GAA GTAA,FAULT,DEFAULT_ASSIGNMENT,GLOBAL 
gaa_intellis,ticket,SUPPORT-GAA INTELLIS AUTOGEN,,SUPPORT-gaa_intellis,BGI VPO,SOFTWARE,SOFTWARE,GAA INTELLIS,FAULT,DEFAULT_ASSIGNMENT,GLOBAL 
gaa_neualpha,ticket,SUPPORT-GAA NEUALPHA AUTOGEN,,SUPPORT-gaa_neualpha,BGI VPO,SOFTWARE,SOFTWARE,GAA NEUALPHA,FAULT,DEFAULT_ASSIGNMENT,GLOBAL 
gaa_otg,ticket,SUPPORT-GAA OTG AUTOGEN,,SUPPORT-gaa_otg,BGI VPO,SOFTWARE,SOFTWARE,GAA OTG,FAULT,DEFAULT_ASSIGNMENT,GLOBAL 
gaa_tpg,ticket,SUPPORT-GAA TPG AUTOGEN,,SUPPORT-gaa_tpg,BGI VPO,SOFTWARE,SOFTWARE,GAA TPG,FAULT,DEFAULT_ASSIGNMENT,GLOBAL 
gaa_trg,ticket,SUPPORT-GAA TRG AUTOGEN,,SUPPORT-gaa_trg,BGI VPO,SOFTWARE,SOFTWARE,GAA TRG,FAULT,DEFAULT_ASSIGNMENT,GLOBAL 
gaa_ukpm,ticket,SUPPORT-GAA UKPM AUTOGEN,,SUPPORT-gaa_ukpm,BGI VPO,SOFTWARE,SOFTWARE,GAA UKPM,FAULT,DEFAULT_ASSIGNMENT,GLOBAL 
gaa_usafi,ticket,SUPPORT-GAA USAFI AUTOGEN,,SUPPORT-gaa_usafi,BGI VPO,SOFTWARE,SOFTWARE,GAA USAFI,FAULT,DEFAULT_ASSIGNMENT,GLOBAL 
gaa_usss,ticket,SUPPORT-GAA USSS AUTOGEN,,SUPPORT-gaa_usss,BGI VPO,SOFTWARE,SOFTWARE,GAA USSS,FAULT,DEFAULT_ASSIGNMENT,GLOBAL 
gate,ticket,ENTERPRISE SYSTEMS MANAGEMENT,,SUPPORT-gate,BGI VPO,DEFAULT_CAT,DEFAULT_SUBCAT,DEFAULT_PRODUCT,DEFAULT_PROBLEM,DEFAULT_ASSIGNMENT,GLOBAL 
gcmform,ticket,SUPPORT-GCMFORM,GCM Form Messages,SUPPORT-gcmform,BGI VPO,SOFTWARE,SOFTWARE,GCMFORM,FAULT,DEFAULT_ASSIGNMENT,GLOBAL 
gcom,ticket,ENTERPRISE SYSTEMS MANAGEMENT,gcom,SUPPORT-GCOM,BGI VPO,SOFTWARE,SOFTWARE,GCOM,FAULT,SUPPORT-GCOM,GLOBAL 
gds,ticket,SUPPORT-CLIENT APPLICATIONS,,SUPPORT-CLIENT APPLICATIONS,BGI VPO,SOFTWARE,SOFTWARE,CLIENT APPLICATIONS,FAULT,DEFAULT_ASSIGNMENT,GLOBAL 
gem,ticket,ENTERPRISE SYSTEMS MANAGEMENT,,SUPPORT-gem,BGI VPO,DEFAULT_CAT,DEFAULT_SUBCAT,DEFAULT_PRODUCT,DEFAULT_PROBLEM,DEFAULT_ASSIGNMENT,GLOBAL 
gfit,ticket,SUPPORT-GFIT (GLOBAL FIXED INCOME TEAM),,SUPPORT-gfit,BGI VPO,SOFTWARE,SOFTWARE,GFIT,FAULT,DEFAULT_ASSIGNMENT,GLOBAL 
gio,ticket,SUPPORT-GLOBAL INDEX OPTIMIZATION,Global Index Optimization,SUPPORT-gio,BGI VPO,SOFTWARE,SOFTWARE,GIO,FAULT,DEFAULT_ASSIGNMENT,GLOBAL 
gio-unix,ticket,SUPPORT-GLOBAL INDEX OPTIMIZATION-UNIX,Global Index Optimization - Unix,SUPPORT-gio-unix,BGI VPO,SOFTWARE,SOFTWARE,GIO-UNIX,FAULT,DEFAULT_ASSIGNMENT,GLOBAL 
gitap,ticket,ENTERPRISE SYSTEMS MANAGEMENT,,SUPPORT-gitap,BGI VPO,SOFTWARE,SOFTWARE,SHAREIT,FAULT,DEFAULT_ASSIGNMENT,GLOBAL 
gladis,ticket,SUPPORT-GLADIS,GLADIS,SUPPORT-gladis,BGI VPO,SOFTWARE,SOFTWARE,GLADIS,FAULT,DEFAULT_ASSIGNMENT,GLOBAL 
glm,alarmpoint_only,SUPPORT-GLM2,,SUPPORT-glm2,BGI VPO,SOFTWARE,SOFTWARE,GLM,FAULT,DEFAULT_ASSIGNMENT,GLOBAL 
glm2,alarmpoint_only,SUPPORT-GLM2,glm2,SUPPORT-glm2,BGI Equilend,SOFTWARE,SOFTWARE,GLM,FAULT,DEFAULT_ASSIGNMENT,GLOBAL 
gls_gate,ticket,ENTERPRISE SYSTEMS MANAGEMENT,,SUPPORT-gls_gate,BGI VPO,SOFTWARE,SOFTWARE,MQSERIES,FAULT,DEFAULT_ASSIGNMENT,GLOBAL 
gmd,ticket,SUPPORT-GLOBAL MARKET DATA,Global Market Data,SUPPORT-gmd,BGI VPO,SOFTWARE,SOFTWARE,SUMS,FAULT,DEFAULT_ASSIGNMENT,GLOBAL 
gmsg,ticket,SUPPORT-MQSERIES,gmsg,SUP-mqseries,BGI VPO,SOFTWARE,SOFTWARE,MQSERIES,FAULT,DEFAULT_ASSIGNMENT,GLOBAL 
gos,ticket,SUPPORT-GOS AUTOGEN,,SUPPORT-gos,BGI VPO,SOFTWARE,SOFTWARE,GOS,FAULT,DEFAULT_ASSIGNMENT,GLOBAL 
gps,ticket,SUPPORT-GPS (GLOBAL PERFORMANCE SYSTEM),gps,SUPPORT-gps,BGI VPO,SOFTWARE,SOFTWARE,GPS,FAULT,DEFAULT_ASSIGNMENT,GLOBAL 
gss,ticket,ENTERPRISE SYSTEMS MANAGEMENT,,unknown,BGI VPO,DEFAULT_CAT,DEFAULT_SUBCAT,DEFAULT_PRODUCT,DEFAULT_PROBLEM,DEFAULT_ASSIGNMENT,GLOBAL 
gss_cfmail,ticket,ENTERPRISE SYSTEMS MANAGEMENT,,SUPPORT-gss_cfmail,BGI VPO,SOFTWARE,SOFTWARE,GSS_CFMAIL,FAULT,DEFAULT_ASSIGNMENT,GLOBAL 
gsurveyor,ticket,SUPPORT-GSURVEYOR,,SUPPORT-gsurveyor,BGI VPO,SOFTWARE,SOFTWARE,MQSERIES,FAULT,DEFAULT_ASSIGNMENT,GLOBAL 
ha,ticket,ENTERPRISE SYSTEMS MANAGEMENT,Messages related to High Availability,SUPPORT-ha,BGI VPO,DEFAULT_CAT,DEFAULT_SUBCAT,DEFAULT_PRODUCT,DEFAULT_PROBLEM,DEFAULT_ASSIGNMENT,GLOBAL 
hardware,ticket,ENTERPRISE SYSTEMS MANAGEMENT,Messages related to Hardware.,SUPPORT-hardware,BGI VPO,DEFAULT_CAT,DEFAULT_SUBCAT,DEFAULT_PRODUCT,DEFAULT_PROBLEM,DEFAULT_ASSIGNMENT,GLOBAL 
helpme,ticket,SUPPORT-HELPME,HelpMe,SUPPORT-helpme,BGI VPO,SOFTWARE,SOFTWARE,HELPME,FAULT,DEFAULT_ASSIGNMENT,GLOBAL 
ibt_gateway,ticket,SUPPORT-IBT GATEWAY,ibt_gateway,SUPPORT-ibt_gateway,BGI VPO,SOFTWARE,SOFTWARE,IBT GATEWAY,FAULT,DEFAULT_ASSIGNMENT,GLOBAL 
icore,ticket,SUPPORT-INDEX CORE IT,iCore Messages,SUPPORT-icore,BGI VPO,DEFAULT_CAT,DEFAULT_SUBCAT,DEFAULT_PRODUCT,DEFAULT_PROBLEM,DEFAULT_ASSIGNMENT,GLOBAL 
idl,ticket,ENTERPRISE SYSTEMS MANAGEMENT,,SUPPORT-idl,BGI VPO,DEFAULT_CAT,DEFAULT_SUBCAT,DEFAULT_PRODUCT,DEFAULT_PROBLEM,DEFAULT_ASSIGNMENT,GLOBAL 
imm,ticket,SUPPORT-IMM (INTERNET MEETING MANAGER),Internet Meeting Manager,SUPPORT-imm,BGI VPO,SOFTWARE,SOFTWARE,IMM (INTERNET MEETING MANAGER),FAULT,DEFAULT_ASSIGNMENT,GLOBAL 
ims,ticket,SUPPORT-IMS,,SUPPORT-ims,BGI VPO,DEFAULT_CAT,DEFAULT_SUBCAT,DEFAULT_PRODUCT,DEFAULT_PROBLEM,DEFAULT_ASSIGNMENT,GLOBAL 
indices,ticket,SUPPORT-INDEX/AA/ISHARE/TRANS/PERF,,SUPPORT-indices,BGI VPO,SOFTWARE,SOFTWARE,TBD APPLICATIONS,FAULT,DEFAULT_ASSIGNMENT,GLOBAL 
internet_infrastructure,ticket,ENTERPRISE SYSTEMS MANAGEMENT,internet_infrastructure,SUPPORT-internet_infrastructure,BGI VPO,NETWORK,INTERNET ACCESS,OTHER,FAULT,DEFAULT_ASSIGNMENT,GLOBAL 
intlpm,ticket,ENTERPRISE SYSTEMS MANAGEMENT,International Portfolio Management,SUP-intlpm,BGI VPO,DEFAULT_CAT,DEFAULT_SUBCAT,DEFAULT_PRODUCT,DEFAULT_PROBLEM,DEFAULT_ASSIGNMENT,GLOBAL 
intraspect,ticket,SUPPORT-INTRASPECT,All Intraspect Messages,SUP-intraspect,BGI VPO,SOFTWARE,SOFTWARE,INTRASPECT,FAULT,DEFAULT_ASSIGNMENT,GLOBAL 
iplanet,ticket,SUPPORT-IPLANET,,SUP-iplanet,BGI VPO,SOFTWARE,SOFTWARE,IPLANET,FAULT,DEFAULT_ASSIGNMENT,GLOBAL 
ishares,ticket,SUPPORT-ISHARES.COM,iShares.com messages,SUP-ishares.com,BGI VPO,SOFTWARE,SOFTWARE,ISHARES.COM,FAULT,DEFAULT_ASSIGNMENT,GLOBAL 
ishares_dynamo,ticket,SUPPORT-ISHARES.COM,,SUP-ishares.com,BGI VPO,SOFTWARE,SOFTWARE,ISHARES.COM,FAULT,DEFAULT_ASSIGNMENT,GLOBAL 
ishares_inktomi,ticket,SUPPORT-ISHARES.COM,,SUP-ishares.com,BGI VPO,SOFTWARE,SOFTWARE,ISHARES.COM,FAULT,DEFAULT_ASSIGNMENT,GLOBAL 
ishares_fi_bus,ticket,ENTERPRISE SYSTEMS MANAGEMENT,,SUP-ishares-fi,BGI VPO,SOFTWARE,SOFTWARE,ISHARES.COM,FAULT,DEFAULT_ASSIGNMENT,GLOBAL 
ishares_fi_dev,ticket,ENTERPRISE SYSTEMS MANAGEMENT,,SUP-ishares-fi,BGI VPO,SOFTWARE,SOFTWARE,ISHARES.COM,FAULT,DEFAULT_ASSIGNMENT,GLOBAL 
issue_price,ticket,SUPPORT-CLIENT APPLICATIONS,,SUPPORT-CLIENT APPLICATIONS,BGI VPO,SOFTWARE,SOFTWARE,CLIENT APPLICATIONS,FAULT,DEFAULT_ASSIGNMENT,GLOBAL 
iunits,ticket,SUPPORT-IUNITS.COM,iunits.com,SUP-iunits.com,BGI VPO,SOFTWARE,SOFTWARE,IUNITS.COM,FAULT,DEFAULT_ASSIGNMENT,GLOBAL 
iweb,ticket,SUPPORT-IWEB,I-Web,SUP-iweb,BGI VPO,SOFTWARE,SOFTWARE,IWEB,FAULT,DEFAULT_ASSIGNMENT,GLOBAL 
job,ticket,ENTERPRISE SYSTEMS MANAGEMENT,Messages related to job streaming,SUPPORT-job,BGI VPO,DEFAULT_CAT,DEFAULT_SUBCAT,DEFAULT_PRODUCT,DEFAULT_PROBLEM,DEFAULT_ASSIGNMENT,GLOBAL 
jrun,ticket,SUPPORT-JRUN,JRun message group,SUP-jrun,BGI VPO,DEFAULT_CAT,DEFAULT_SUBCAT,DEFAULT_PRODUCT,DEFAULT_PROBLEM,DEFAULT_ASSIGNMENT,GLOBAL 
k2desk,ticket,SUPPORT-K2DESK,K2Desk,SUPPORT-k2desk,BGI VPO,SOFTWARE,SOFTWARE,K2DESK,FAULT,DEFAULT_ASSIGNMENT,GLOBAL 
marshall,ticket,SUPPORT-MARSHALL ISLANDS,marshall,SUPPORT-marshall,BGI VPO,SOFTWARE,SOFTWARE,MARSHALL ISLANDS,FAULT,DEFAULT_ASSIGNMENT,GLOBAL 
misc,ticket,ENTERPRISE SYSTEMS MANAGEMENT,Messages which cannot be matched with any Message Group.,SUPPORT-misc,BGI VPO,DEFAULT_CAT,DEFAULT_SUBCAT,DEFAULT_PRODUCT,DEFAULT_PROBLEM,DEFAULT_ASSIGNMENT,GLOBAL 
mqadmin,ticket,SUPPORT-MQSERIES,,SUP-mqseries,BGI VPO,SOFTWARE,SOFTWARE,MQSERIES,FAULT,DEFAULT_ASSIGNMENT,GLOBAL 
mss_admin,ticket,DBA MSSQL SERVER AUTOGEN-FTS,Microsoft SQL Server Administration Events,SUPPORT-mss_admin,BGI VPO,DEFAULT_CAT,DEFAULT_SUBCAT,DEFAULT_PRODUCT,DEFAULT_PROBLEM,DEFAULT_ASSIGNMENT,GLOBAL 
mss_conf,ticket,DBA MSSQL SERVER AUTOGEN-FTS,Microsoft SQL Server Configuration Events,SUPPORT-mss_conf,BGI VPO,DEFAULT_CAT,DEFAULT_SUBCAT,DEFAULT_PRODUCT,DEFAULT_PROBLEM,DEFAULT_ASSIGNMENT,GLOBAL 
mss_fault,ticket,DBA MSSQL SERVER AUTOGEN-FTS,Microsoft SQL Server Fault Events,SUPPORT-mss_fault,BGI VPO,DEFAULT_CAT,DEFAULT_SUBCAT,DEFAULT_PRODUCT,DEFAULT_PROBLEM,DEFAULT_ASSIGNMENT,GLOBAL 
mss_perf,ticket,DBA MSSQL SERVER AUTOGEN-FTS,Microsoft SQL Server Performance Events,SUPPORT-mss_perf,BGI VPO,DEFAULT_CAT,DEFAULT_SUBCAT,DEFAULT_PRODUCT,DEFAULT_PROBLEM,DEFAULT_ASSIGNMENT,GLOBAL 
mssql-amr,ticket,DBA MSSQL SERVER AUTOGEN-FTS,,DBA-FTS,BGI VPO,DATABASE,DATABASE ADMINISTRATION,MICROSOFT,FAULT,DEFAULT_ASSIGNMENT,GLOBAL 
mssql,ticket,DBA MSSQL SERVER AUTOGEN-FTS,,DBA-FTS,BGI VPO,DATABASE,DATABASE ADMINISTRATION,MICROSOFT,FAULT,DEFAULT_ASSIGNMENT,GLOBAL 
mssql-test,ticket,DBA MSSQL SERVER AUTOGEN-FTS,mssql test group,SUPPORT-mssql-test,BGI VPO,DATABASE,DATABASE ADMINISTRATION,MSSQL-TEST,FAULT,DEFAULT_ASSIGNMENT,GLOBAL 
multi_curr,ticket,SUPPORT-CLIENT APPLICATIONS,,SUPPORT-CLIENT APPLICATIONS,BGI VPO,SOFTWARE,SOFTWARE,CLIENT APPLICATIONS,FAULT,DEFAULT_ASSIGNMENT,GLOBAL 
nas,ticket,STORAGE-AUTOGEN,network attached storage,SUPPORT-STORAGE-FTS,BGI VPO,STORAGE,CAPACITY EXPANSION,NAS,FAULT,DEFAULT_ASSIGNMENT,GLOBAL 
nas_email,ticket,STORAGE-AUTOGEN,nas_email,SUPPORT-STORAGE-EMAIL,BGI VPO,STORAGE,CAPACITY EXPANSION,NAS,FAULT,DEFAULT_ASSIGNMENT,GLOBAL 
netapps,ticket,STORAGE-AUTOGEN,,SUPPORT-STORAGE-FTS,BGI VPO,DEFAULT_CAT,DEFAULT_SUBCAT,DEFAULT_PRODUCT,DEFAULT_PROBLEM,DEFAULT_ASSIGNMENT,GLOBAL 
netbackup,ticket,STORAGE-AUTOGEN,,SUPPORT-STORAGE-FTS,BGI VPO,STORAGE,DATA PROTECTION,BACKUPS,FAULT,DEFAULT_ASSIGNMENT,GLOBAL 
netbackup_email,ticket,STORAGE-AUTOGEN,,SUPPORT-STORAGE-EMAIL,BGI VPO,STORAGE,DATA PROTECTION,BACKUPS,FAULT,DEFAULT_ASSIGNMENT,GLOBAL 
network,alarmpoint_only,ENTERPRISE SYSTEMS MANAGEMENT,Messages related to network/ connectivity problems.,network-fts,BGI NETWORK,NETWORK,LAN,LAN,REPAIR/REPLACE,DEFAULT_ASSIGNMENT,GLOBAL 
nodestatus,ticket,ENTERPRISE SYSTEMS MANAGEMENT,node status messages for reboot,down,agent problems.,SUPPORT-nodestatus,BGI VPO,DEFAULT_CAT,DEFAULT_SUBCAT,DEFAULT_PRODUCT,DEFAULT_PROBLEM,DEFAULT_ASSIGNMENT,GLOBAL 
notification,ticket,ENTERPRISE SYSTEMS MANAGEMENT,end to end test,SUPPORT-notification,BGI VPO,MESSAGING,END-TO-END,VPO-SERVICECENTER-ALARMPOINT,MESSAGE CHECKER,DEFAULT_ASSIGNMENT,GLOBAL 
ofa,ticket,SUPPORT-CLIENT APPLICATIONS,Oracle Financials,SUPPORT-CLIENT APPLICATIONS,BGI VPO,SOFTWARE,SOFTWARE,CLIENT APPLICATIONS,FAULT,DEFAULT_ASSIGNMENT,GLOBAL 
opc,ticket,ENTERPRISE SYSTEMS MANAGEMENT,Messages generated by VPO.,SUPPORT-opc,BGI VPO,DEFAULT_CAT,DEFAULT_SUBCAT,DEFAULT_PRODUCT,DEFAULT_PROBLEM,DEFAULT_ASSIGNMENT,GLOBAL 
opendeploy,ticket,ENTERPRISE SYSTEMS MANAGEMENT,,SUP-opendeploy,BGI VPO,SOFTWARE,SOFTWARE,OPEN DEPLOY,FAULT,DEFAULT_ASSIGNMENT,GLOBAL 
orbis,alarmpoint_only,ENTERPRISE SYSTEMS MANAGEMENT,Orbis Message group,SUP-orbis_b,BGI ORBIS,SOFTWARE,SOFTWARE,ORBIS,FAULT,DEFAULT_ASSIGNMENT,GLOBAL 
orbis_escalate,alarmpoint_only,ENTERPRISE SYSTEMS MANAGEMENT,Orbis AP Escalation Message group,SUP-orbis_escalate,BGI ORBIS ESCALATE,DEFAULT_CAT,DEFAULT_SUBCAT,DEFAULT_PRODUCT,DEFAULT_PROBLEM,DEFAULT_ASSIGNMENT,GLOBAL 
orbis_trd_japan_escalate,alarmpoint_only,ENTERPRISE SYSTEMS MANAGEMENT,Orbis AP Escalation Message group,SUP-orbis_trd_japan_escalate,BGI ORBIS ESCALATE,DEFAULT_CAT,DEFAULT_SUBCAT,DEFAULT_PRODUCT,DEFAULT_PROBLEM,DEFAULT_ASSIGNMENT,GLOBAL 
orbis_aus_escalate,alarmpoint_only,ENTERPRISE SYSTEMS MANAGEMENT,Orbis AP Escalation Message group,SUP-orbis_aus_escalate,BGI ORBIS ESCALATE,DEFAULT_CAT,DEFAULT_SUBCAT,DEFAULT_PRODUCT,DEFAULT_PROBLEM,DEFAULT_ASSIGNMENT,GLOBAL 
orbis_can_escalate,alarmpoint_only,ENTERPRISE SYSTEMS MANAGEMENT,Orbis AP Escalation Message group,SUP-orbis_can_escalate,BGI ORBIS ESCALATE,DEFAULT_CAT,DEFAULT_SUBCAT,DEFAULT_PRODUCT,DEFAULT_PROBLEM,DEFAULT_ASSIGNMENT,GLOBAL 
orbis_europe_escalate,alarmpoint_only,ENTERPRISE SYSTEMS MANAGEMENT,Orbis AP Escalation Message group,SUP-orbis_europe_escalate,BGI ORBIS ESCALATE,DEFAULT_CAT,DEFAULT_SUBCAT,DEFAULT_PRODUCT,DEFAULT_PROBLEM,DEFAULT_ASSIGNMENT,GLOBAL 
orbis_aus,alarmpoint_only,ENTERPRISE SYSTEMS MANAGEMENT,orbis_aus,SUPPORT-orbis-aus,BGI ORBIS,DEFAULT_CAT,DEFAULT_SUBCAT,DEFAULT_PRODUCT,DEFAULT_PROBLEM,DEFAULT_ASSIGNMENT,GLOBAL 
orbis_aus_risk,alarmpoint_only,ENTERPRISE SYSTEMS MANAGEMENT,orbus_aus_risk,SUPPORT-ORBIS-RISK,BGI ORBIS,DEFAULT_CAT,DEFAULT_SUBCAT,DEFAULT_PRODUCT,DEFAULT_PROBLEM,DEFAULT_ASSIGNMENT,GLOBAL 
orbis_aus_trd,alarmpoint_only,ENTERPRISE SYSTEMS MANAGEMENT,orbis_aus_trd,SUPPORT-orbis-aus-trd,BGI ORBIS,DEFAULT_CAT,DEFAULT_SUBCAT,DEFAULT_PRODUCT,DEFAULT_PROBLEM,DEFAULT_ASSIGNMENT,GLOBAL 
orbis_can,alarmpoint_only,ENTERPRISE SYSTEMS MANAGEMENT,orbis_can,SUPPORT-orbis-can,BGI ORBIS,DEFAULT_CAT,DEFAULT_SUBCAT,DEFAULT_PRODUCT,DEFAULT_PROBLEM,DEFAULT_ASSIGNMENT,GLOBAL 
orbis_can_risk,alarmpoint_only,ENTERPRISE SYSTEMS MANAGEMENT,orbis_can_risk,SUPPORT-ORBIS-RISK,BGI ORBIS,DEFAULT_CAT,DEFAULT_SUBCAT,DEFAULT_PRODUCT,DEFAULT_PROBLEM,DEFAULT_ASSIGNMENT,GLOBAL 
orbis_can_trd,alarmpoint_only,ENTERPRISE SYSTEMS MANAGEMENT,orbis_can_trd,SUPPORT-orbis-can-trd,BGI ORBIS,DEFAULT_CAT,DEFAULT_SUBCAT,DEFAULT_PRODUCT,DEFAULT_PROBLEM,DEFAULT_ASSIGNMENT,GLOBAL 
orbis_crossing,alarmpoint_only,ENTERPRISE SYSTEMS MANAGEMENT,,SUP-orbis-cross,BGI ORBIS,DEFAULT_CAT,DEFAULT_SUBCAT,DEFAULT_PRODUCT,DEFAULT_PROBLEM,DEFAULT_ASSIGNMENT,GLOBAL 
orbis_cst,alarmpoint_only,ENTERPRISE SYSTEMS MANAGEMENT,orbis_cst,SUP-orbis-cst,BGI ORBIS,DEFAULT_CAT,DEFAULT_SUBCAT,DEFAULT_PRODUCT,DEFAULT_PROBLEM,DEFAULT_ASSIGNMENT,GLOBAL 
orbis_equity,alarmpoint_only,ENTERPRISE SYSTEMS MANAGEMENT,orbis_equity,SUP-orbis_equity,BGI ORBIS,DEFAULT_CAT,DEFAULT_SUBCAT,DEFAULT_PRODUCT,DEFAULT_PROBLEM,DEFAULT_ASSIGNMENT,GLOBAL 
orbis_rm,alarmpoint_only,ENTERPRISE SYSTEMS MANAGEMENT,Orbis Risk Management,SUP-orbis-rm,BGI ORBIS,DEFAULT_CAT,DEFAULT_SUBCAT,DEFAULT_PRODUCT,DEFAULT_PROBLEM,DEFAULT_ASSIGNMENT,GLOBAL 
orbis_trd,alarmpoint_only,ENTERPRISE SYSTEMS MANAGEMENT,,SUP-orbis-trd_b,BGI ORBIS,DEFAULT_CAT,DEFAULT_SUBCAT,DEFAULT_PRODUCT,DEFAULT_PROBLEM,DEFAULT_ASSIGNMENT,GLOBAL 
orbis_trd_japan,alarmpoint_only,ENTERPRISE SYSTEMS MANAGEMENT,,SUP-orbis japan_b,BGI ORBIS,DEFAULT_CAT,DEFAULT_SUBCAT,DEFAULT_PRODUCT,DEFAULT_PROBLEM,DEFAULT_ASSIGNMENT,GLOBAL 
orbis_uk,alarmpoint_only,ENTERPRISE SYSTEMS MANAGEMENT,,SUP-orbis-uk,BGI ORBIS,DEFAULT_CAT,DEFAULT_SUBCAT,DEFAULT_PRODUCT,DEFAULT_PROBLEM,DEFAULT_ASSIGNMENT,GLOBAL 
orbis_usidxpm,alarmpoint_only,ENTERPRISE SYSTEMS MANAGEMENT,Orbis US Index PM Group,SUP-orbis-usidxpm_b,BGI ORBIS,DEFAULT_CAT,DEFAULT_SUBCAT,DEFAULT_PRODUCT,DEFAULT_PROBLEM,DEFAULT_ASSIGNMENT,GLOBAL 
ordersonline,ticket,SUPPORT-ORDERS ONLINE,,SUPPORT-ordersonline,BGI VPO,SOFTWARE,SOFTWARE,ORDERS ONLINE,FAULT,DEFAULT_ASSIGNMENT,GLOBAL 
os,ticket,ENTERPRISE SYSTEMS MANAGEMENT,UNIX operating system related messages,SUPPORT-os,BGI VPO,SERVERS,UNIX,OPERATING SYSTEM,REPAIR/REPLACE,DEFAULT_ASSIGNMENT,GLOBAL 
ovis,ticket,ENTERPRISE SYSTEMS MANAGEMENT,OVIS Messages,ESM,BGI VPO,DEFAULT_CAT,DEFAULT_SUBCAT,DEFAULT_PRODUCT,DEFAULT_PROBLEM,DEFAULT_ASSIGNMENT,GLOBAL 
pars,ticket,SUPPORT-PARS,,SUPPORT-pars,BGI VPO,SOFTWARE,SOFTWARE,PARS,FAULT,DEFAULT_ASSIGNMENT,GLOBAL 
pb_rpt,ticket,SUPPORT-CLIENT APPLICATIONS,,SUPPORT-CLIENT APPLICATIONS,BGI VPO,SOFTWARE,SOFTWARE,CLIENT APPLICATIONS,FAULT,DEFAULT_ASSIGNMENT,GLOBAL 
performance,ticket,ENTERPRISE SYSTEMS MANAGEMENT,Messages related to Hardware/ Software malfunctions.,SUPPORT-performance,BGI VPO,DEFAULT_CAT,DEFAULT_SUBCAT,DEFAULT_PRODUCT,DEFAULT_PROBLEM,DEFAULT_ASSIGNMENT,GLOBAL 
pims,ticket,HRIT/PIMS,pims messages,SUPPORT-pims,BGI VPO,DEFAULT_CAT,DEFAULT_SUBCAT,DEFAULT_PRODUCT,DEFAULT_PROBLEM,DEFAULT_ASSIGNMENT,GLOBAL 
prep,ticket,SUPPORT-CLIENT APPLICATIONS,,SUPPORT-CLIENT APPLICATIONS,BGI VPO,SOFTWARE,SOFTWARE,CLIENT APPLICATIONS,FAULT,DEFAULT_ASSIGNMENT,GLOBAL 
proa,ticket,SUPPORT-CLIENT APPLICATIONS,,SUPPORT-CLIENT APPLICATIONS,BGI VPO,SOFTWARE,SOFTWARE,CLIENT APPLICATIONS,FAULT,DEFAULT_ASSIGNMENT,GLOBAL 
pst,ticket,SUPPORT-CLIENT APPLICATIONS,,SUPPORT-CLIENT APPLICATIONS,BGI VPO,SOFTWARE,SOFTWARE,CLIENT APPLICATIONS,FAULT,DEFAULT_ASSIGNMENT,GLOBAL 
purchasing_web,ticket,GSS OPS,purchasing_web,SUPPORT-GSS,BGI VPO,DEFAULT_CAT,DEFAULT_SUBCAT,DEFAULT_PRODUCT,DEFAULT_PROBLEM,DEFAULT_ASSIGNMENT,GLOBAL 
rk,ticket,ENTERPRISE SYSTEMS MANAGEMENT,,SUPPORT-rk,BGI VPO,SOFTWARE,SOFTWARE,TBD APPLICATIONS,FAULT,DEFAULT_ASSIGNMENT,GLOBAL 
rkp,ticket,ENTERPRISE SYSTEMS MANAGEMENT,,SUPPORT-rkp,BGI VPO,SOFTWARE,SOFTWARE,TBD APPLICATIONS,FAULT,DEFAULT_ASSIGNMENT,GLOBAL 
san,ticket,STORAGE-AUTOGEN,storage area network messages,SUPPORT-STORAGE-FTS,BGI VPO,STORAGE,CAPACITY EXPANSION,SAN,FAULT,DEFAULT_ASSIGNMENT,GLOBAL 
san_email,ticket,STORAGE-AUTOGEN,san_email,SUPPORT-STORAGE-EMAIL,BGI VPO,STORAGE,CAPACITY EXPANSION,SAN,FAULT,DEFAULT_ASSIGNMENT,GLOBAL 
security,ticket,UNIX-SECURITY-MONITORING,Messages related to security violations or attemps to intrude a system,SUPPORT-security,BGI VPO,SECURITY,SERVER SECURITY,UNIX,FAULT,DEFAULT_ASSIGNMENT,GLOBAL 
servicecenter,ticket,GSS OPS,Messages generated by Peregrine ServiceCenter.,SUPPORT-GSS,BGI VPO,SOFTWARE,SOFTWARE,SERVICECENTER,FAULT,DEFAULT_ASSIGNMENT,GLOBAL 
shareit,ticket,GSS OPS,ShareIT Messages,SUPPORT-GSS,BGI VPO,SOFTWARE,SOFTWARE,SHAREIT,FAULT,DEFAULT_ASSIGNMENT,GLOBAL 
shareit-test,ticket,GSS OPS,ShareIT Test Messages,SUPPORT-GSS_TEST,BGI VPO,SOFTWARE,SOFTWARE,SHAREIT-TEST,FAULT,DEFAULT_ASSIGNMENT,GLOBAL 
solaris,ticket,SUPPORT-GLOBAL SECURITY ADMIN,,FTS-UNIX,BGI VPO,SERVERS,UNIX,OPERATING SYSTEM,REPAIR/REPLACE,DEFAULT_ASSIGNMENT,GLOBAL 
snmp,ticket,ENTERPRISE SYSTEMS MANAGEMENT,Messages generated by SNMP traps.,SUPPORT-snmp,BGI VPO,DEFAULT_CAT,DEFAULT_SUBCAT,DEFAULT_PRODUCT,DEFAULT_PROBLEM,DEFAULT_ASSIGNMENT,GLOBAL 
spi_svcdisc,ticket,ENTERPRISE SYSTEMS MANAGEMENT,Message group for receiving SPI Service Discovery Messages,SUPPORT-spi_svcdisc,BGI VPO,DEFAULT_CAT,DEFAULT_SUBCAT,DEFAULT_PRODUCT,DEFAULT_PROBLEM,DEFAULT_ASSIGNMENT,GLOBAL 
ssp,ticket,ENTERPRISE SYSTEMS MANAGEMENT,,SUPPORT-ssp,BGI VPO,DEFAULT_CAT,DEFAULT_SUBCAT,DEFAULT_PRODUCT,DEFAULT_PROBLEM,DEFAULT_ASSIGNMENT,GLOBAL 
statement,ticket,ENTERPRISE SYSTEMS MANAGEMENT,,SUPPORT-statement,BGI VPO,DEFAULT_CAT,DEFAULT_SUBCAT,DEFAULT_PRODUCT,DEFAULT_PROBLEM,DEFAULT_ASSIGNMENT,GLOBAL 
storage_apac,ticket,STORAGE-AUTOGEN,storage_apac,SUPPORT-STORAGE-APAC,BGI VPO,STORAGE,CAPACITY EXPANSION,SAN,FAULT,DEFAULT_ASSIGNMENT,GLOBAL 
storage_ldn,ticket,STORAGE-AUTOGEN,storage_ldn,SUPPORT-STORAGE-LDN,BGI VPO,STORAGE,CAPACITY EXPANSION,SAN,FAULT,DEFAULT_ASSIGNMENT,GLOBAL 
storage_rdc,ticket,STORAGE-AUTOGEN,storage_rdc,SUPPORT-STORAGE-RDC,BGI VPO,STORAGE,CAPACITY EXPANSION,SAN,FAULT,DEFAULT_ASSIGNMENT,GLOBAL 
storage_sfo,ticket,STORAGE-AUTOGEN,storage_sfo,SUPPORT-STORAGE-SFO,BGI VPO,STORAGE,CAPACITY EXPANSION,SAN,FAULT,DEFAULT_ASSIGNMENT,GLOBAL 
sums,ticket,ENTERPRISE SYSTEMS MANAGEMENT,,SUPPORT-sums,BGI VPO,SOFTWARE,SOFTWARE,SUMS,FAULT,DEFAULT_ASSIGNMENT,GLOBAL 
sybase,ticket,DBA SYBASE AUTOGEN-FTS,Production and BCP Sybase events,DBA SYBASE SERVER-FTS,BGI VPO,DATABASE,DATABASE ADMINISTRATION,SYBASE,FAULT,DEFAULT_ASSIGNMENT,GLOBAL 
sybase-test,ticket,DBA SYBASE AUTOGEN-FTS,Sybase QA,Test and Dev events,DBA-TEST,BGI VPO,DATABASE,DATABASE ADMINISTRATION,SYBASE-TEST,FAULT,DEFAULT_ASSIGNMENT,GLOBAL 
tar,ticket,ENTERPRISE SYSTEMS MANAGEMENT,,SUPPORT-tar,BGI VPO,SOFTWARE,SOFTWARE,TAR,FAULT,DEFAULT_ASSIGNMENT,GLOBAL 
teledirect,ticket,ENTERPRISE SYSTEMS MANAGEMENT,teledirect - HelpDesk outsourcing firm,SUPPORT-teledirect,BGI VPO,SOFTWARE,SOFTWARE,TELEDIRECT,FAULT,DEFAULT_ASSIGNMENT,GLOBAL 
torapps,ticket,ENTERPRISE SYSTEMS MANAGEMENT,torapps,SUPPORT-torapps,BGI VPO,SOFTWARE,SOFTWARE,CAN APPLICATIONS,FAULT,DEFAULT_ASSIGNMENT,GLOBAL 
torinfra,ticket,ENTERPRISE SYSTEMS MANAGEMENT,torinfra,SUPPORT-torinfra,BGI VPO,SOFTWARE,SOFTWARE,CAN INFRASTRUCTURE,FAULT,DEFAULT_ASSIGNMENT,GLOBAL 
tradefloor,ticket,ENTERPRISE SYSTEMS MANAGEMENT,tradefloor,SUPPORT-tradefloor,BGI VPO,SERVERS,TRADE FLOOR,APPLICATION RELATED,FAULT,DEFAULT_ASSIGNMENT,GLOBAL 
transfer,ticket,ENTERPRISE SYSTEMS MANAGEMENT,,SUPPORT-transfer,BGI VPO,DEFAULT_CAT,DEFAULT_SUBCAT,DEFAULT_PRODUCT,DEFAULT_PROBLEM,DEFAULT_ASSIGNMENT,GLOBAL 
transvc,ticket,SUPPORT-TRANSITION SERVICES,TranSvc,SUPPORT-transvc,BGI VPO,SOFTWARE,SOFTWARE,TRANSITION SERVICES,FAULT,DEFAULT_ASSIGNMENT,GLOBAL 
triplea,ticket,ENTERPRISE SYSTEMS MANAGEMENT,,SUPPORT-triplea,BGI VPO,SOFTWARE,SOFTWARE,TBD APPLICATIONS,FAULT,DEFAULT_ASSIGNMENT,GLOBAL 
uk-it-dev,ticket,UK-IT DEV,UK IT Development (temporary). Peregrine queue: UK-IT Dev,Alarmpoint: UK-IT Dev,SUPPORT-uk-it-dev,BGI VPO,SOFTWARE,SOFTWARE,UK-IT DEV,FAULT,DEFAULT_ASSIGNMENT,GLOBAL 
uk-unixtest,ticket,UNIX SERVERS AUTOGEN-FTS,uk-unixtest,SUPPORT-uk-unixtest,BGI VPO,SOFTWARE,SOFTWARE,UNIX-TEST,FAULT,DEFAULT_ASSIGNMENT,GLOBAL 
uktest,ticket,ENTERPRISE SYSTEMS MANAGEMENT,uktest,uktest,BGI VPO,DEFAULT_CAT,DEFAULT_SUBCAT,DEFAULT_PRODUCT,DEFAULT_PROBLEM,DEFAULT_ASSIGNMENT,GLOBAL 
ultraseek,ticket,SUPPORT-ULTRASEEK,,SUP-ULTRASEEK,BGI VPO,SOFTWARE,SOFTWARE,ULTRASEEK,FAULT,DEFAULT_ASSIGNMENT,GLOBAL 
unix,ticket,UNIX SERVERS AUTOGEN-FTS,unix,FTS-UNIX,BGI VPO,SERVERS,UNIX,OPERATING SYSTEM,REPAIR/REPLACE,DEFAULT_ASSIGNMENT,GLOBAL 
usoe,ticket,SUPPORT-US ORDER ENTRY,,SUP-US ORDER ENTRY,BGI VPO,SOFTWARE,SOFTWARE,ORDER ENTRY,FAULT,DEFAULT_ASSIGNMENT,GLOBAL 
vpo-servicecenter-alarmpoint,ticket,SUPPORT-VPO SERVICECENTER ALARMPOINT,,SUP-VPOSCAP,BGI VPO,DEFAULT_CAT,DEFAULT_SUBCAT,DEFAULT_PRODUCT,DEFAULT_PROBLEM,DEFAULT_ASSIGNMENT,GLOBAL 
webadmin,ticket,ENTERPRISE SYSTEMS MANAGEMENT,,SUPPORT-webadmin,BGI VPO,DEFAULT_CAT,DEFAULT_SUBCAT,DEFAULT_PRODUCT,DEFAULT_PROBLEM,DEFAULT_ASSIGNMENT,GLOBAL 
weblogic,ticket,SUPPORT-WEBLOGIC,,SUPPORT-weblogic,BGI VPO,SOFTWARE,SOFTWARE,WEBLOGIC,ADVICE/GUIDANCE,DEFAULT_ASSIGNMENT,GLOBAL 
windows,ticket,WINDOWS SERVERS AUTOGEN-FTS,,Windows On-Call FTS,BGI VPO,SERVERS,WINDOWS 2000,RESOURCES,FAULT,DEFAULT_ASSIGNMENT,GLOBAL 
wl_prd,ticket,SUPPORT-WEBLOGIC,,SUP-WEBLOGIC,BGI VPO,SOFTWARE,SOFTWARE,WEBLOGIC,ADVICE/GUIDANCE,DEFAULT_ASSIGNMENT,GLOBAL 
wl_qa,ticket,SUPPORT-WEBLOGIC,,SUPPORT-wl_qa,BGI VPO,SOFTWARE,SOFTWARE,WEBLOGIC,ADVICE/GUIDANCE,DEFAULT_ASSIGNMENT,GLOBAL 
x_stats,ticket,SUPPORT-CLIENT APPLICATIONS,,SUPPORT-CLIENT APPLICATIONS,BGI VPO,SOFTWARE,SOFTWARE,CLIENT APPLICATIONS,FAULT,DEFAULT_ASSIGNMENT,GLOBAL 
z-spreads,ticket,SUPPORT-ZSPREADS,z-spreads,SUPPORT-zspreads,BGI VPO,DEFAULT_CAT,DEFAULT_SUBCAT,DEFAULT_PRODUCT,DEFAULT_PROBLEM,DEFAULT_ASSIGNMENT,GLOBAL 
